LA0450738QBXL,LA0450738QBXL
LA0451560QOPF,LA0451560QOPF
LA0459266UPSC,LA0459266UPSC
LA0452808AKOT,LA0452808AKOT
LA0453526JMSD,LA0453526JMSD
LA0453933PBFM,LA0453933PBFM
LA0455024UFCO,LA0455024UFCO
LA0452017LSZW,LA0452017LSZW
LA0451997JGHJ,LA0451997JGHJ
LA0455831AGSS,LA0455831AGSS
LA0457593KPFV,LA0453868VJRK
LA0453868VJRK,LA0457593KPFV
LA0454275LTJI,LA0454275LTJI
LA0450392LGAF,LA0450392LGAF
LA0454477WSUZ,LA0454477WSUZ
LA0450227NTYA,LA0450227NTYA
LA0456713BXIL,LA0451993ZUSL
LA0451993ZUSL,LA0456713BXIL
LA0456690TIDV,LA0456690TIDV
LA0455320QZIA,LA0455320QZIA
LA0452997XOGW,LA0452997XOGW
LA0457036HUWM,LA0457036HUWM
LA0454854PUWM,LA0452119EHTY
LA0452119EHTY,LA0454854PUWM
LA0450175UBEJ,LA0450175UBEJ
LA0454038QVUX,LA0454038QVUX
LA0455267QAZD,LA0455267QAZD
LA0457227WJUE,LA0457227WJUE
LA0450534NJLF,LA0450534NJLF
LA0459653WOWH,LA0459653WOWH
LA0450617QWIX,LA0450617QWIX
LA0453367EYAL,LA0452285ADDJ
LA0452285ADDJ,LA0453367EYAL
LA0455351IXEG,LA0455351IXEG
LA0450829FRQD,LA0450829FRQD
LA0458798OPZP,LA0452714ICAE
LA0452714ICAE,LA0458798OPZP
LA0455389KHJU,LA0455389KHJU
LA0457079WXGI,LA0457079WXGI
LA0455308NXWT,LA0455308NXWT
LA5447924LMXD,LA5447924LMXD
LA9570009WAMK,LA9570009WAMK
LA0457152GKAB,LA0453956XBME
LA0453956XBME,LA0457152GKAB
LA5442399NTRM,LA0458044RTLD
LA0458044RTLD,LA5442399NTRM
LA5444291MQRE,LA0452167TLWD
LA0452167TLWD,LA0453938UYFX
LA0453938UYFX,LA5444291MQRE
LA9571041GJDN,LA9571041GJDN
LA9570292AKTB,LA9570292AKTB
LA0457538PLTS,LA0457538PLTS
LA0458426RUAO,LA0454064QILN
LA0454064QILN,LA0458426RUAO
LA5443681KVPV,LA5443681KVPV
LA9570186YLCU,LA9570186YLCU
LA9571825OIMW,LA9571825OIMW
LA0457033QJKI,LA0457033QJKI
LA0455573AJLO,LA0455573AJLO
LA0455284HYZQ,LA0455284HYZQ
LA5448460ERLP,LA5448460ERLP
LA9571653TOCA,LA9571653TOCA
LA9573435YHKT,LA9573435YHKT
LA0452593UUOZ,LA0452593UUOZ
LA0456578YNOG,LA0456578YNOG
LA9571196BJDQ,LA9571196BJDQ
LA0456578LNRK,LA0456578LNRK
LA9576085LZED,LA9576085LZED
LA0453775KUAW,LA0453775KUAW
LA5440450MJDB,LA5440450MJDB
LA0351591YRVG,LA0351591YRVG
LA5446456AVEE,LA5446456AVEE
LA0354223OODF,LA0354223OODF
LA0450390KZNV,LA0450390KZNV
LA0458746NCFU,LA0458746NCFU
LA0455225VPFI,LA0455225VPFI
LA0453431AONT,LA0453431AONT
LA5444979BLDD,LA5440444TCUZ
LA5440444TCUZ,LA5444979BLDD
LA9571708IEOC,LA9571708IEOC
LA9571810BLLI,LA9571810BLLI
LA0454203YZZT,LA0454203YZZT
LA0455007UMWU,LA0455007UMWU
LA5441994GSLN,LA5441994GSLN
LA5441862NQTU,LA5441862NQTU
LA9575336LLRU,LA9575336LLRU
LA9575601WQFY,LA9575601WQFY
LA0451284SYWM,LA0451284SYWM
LA0451951HDMD,LA0451951HDMD
LA9572948UHUJ,LA9572948UHUJ
LA0456383SBTP,LA0456383SBTP
LA9575822UGFK,LA9575822UGFK
LA0457828XXYX,LA0457828XXYX
LA5442156NGBE,LA5442156NGBE
LA5448820QAUZ,LA5448820QAUZ
LA5444411QCJM,LA5444411QCJM
LA5448563OZZH,LA5448563OZZH
LA9575549SXZJ,LA9575549SXZJ
LA9571671EBSD,LA9571671EBSD
LA9573519HPJP,LA9573519HPJP
LA9573805WTKW,LA9573805WTKW
LA9574709VKDA,LA9574709VKDA
LA9576308GRQC,LA9576308GRQC
LA0456989OKJV,LA0456989OKJV
LA0455250LYSQ,LA0455250LYSQ
LA0454768HOYI,LA0454768HOYI
LA0457690JZMU,LA0454492TKZX
LA0454492TKZX,LA0457690JZMU
LA9574229NNDD,LA0458358GLXX
LA0458358GLXX,LA5445112BEFA
LA5445112BEFA,LA5445004AJRC
LA5445004AJRC,LA5446025YKVW
LA5446025YKVW,LA5443686GHFF
LA5443686GHFF,LA5440273AUBR
LA5440273AUBR,LA9574631YBLL
LA9574631YBLL,LA9577267IWYI
LA9577267IWYI,LA9575810PJLF
LA9575810PJLF,LA9572324AJFU
LA9572324AJFU,LA0457170FUBM
LA0457170FUBM,LA0458346ANFS
LA0458346ANFS,LA0450048RLKO
LA0450048RLKO,LA0457078IXNK
LA0457078IXNK,LA5440647RQLG
LA5440647RQLG,LA9577009IKJM
LA9577009IKJM,LA5447919TIAB
LA5447919TIAB,LA0455731JNWJ
LA0455731JNWJ,LA0455037AEEZ
LA0455037AEEZ,LA5445303LKOS
LA9577625VZBL,LA5447540UCQZ
LA5445303LKOS,LA0456020XMAF
LA5447540UCQZ,LA0456038GDCF
LA0456038GDCF,LA9577625VZBL
LA0456020XMAF,LA0458652YSFR
LA0458652YSFR,LA0452174NJNT
LA0452174NJNT,LA9574229NNDD
LA0452916SIAQ,LA0452916SIAQ
LA9577031FXDW,LA9577031FXDW
LA0456006JJLR,LA0456006JJLR
LA9571488UFXJ,LA9571488UFXJ
LA0452745YWTS,LA0452745YWTS
LA9572442GOPC,LA9572442GOPC
LA9573490MGWH,LA9573490MGWH
LA9577122JFXY,LA9577122JFXY
LA9575152OTYT,LA9575152OTYT
LA9572280LSWI,LA9572280LSWI
LA9576340VKIF,LA9576340VKIF
LA9572849TLMJ,LA9572849TLMJ
LA9573596QFAG,LA9573596QFAG
LA9574137IGUM,LA9574137IGUM
LA9577424SMLB,LA9574688PWRN
LA9574688PWRN,LA9577424SMLB
LA9573514UZFE,LA9573514UZFE
LA9576433VAVP,LA9572416QUZP
LA9572416QUZP,LA9576433VAVP
LA9577259GIFX,LA9575093CEAB
LA9575093CEAB,LA9577259GIFX
LA9577499WOSH,LA9577499WOSH
LA9574639NADH,LA9574639NADH
LA0450030INVM,LA0450030INVM
LA0451913IIOA,LA0451913IIOA
LA0459771LCJS,LA0454891ZGVC
LA0456933GXXP,LA0456933GXXP
LA0453759LEXL,LA0459771LCJS
LA0450655GYQR,LA0453759LEXL
LA0459856XCYX,LA0450655GYQR
LA0459943LLSA,LA0459856XCYX
LA0459997RSDD,LA0459943LLSA
LA0456763DGFR,LA0456763DGFR
LA0459080YAIP,LA0459997RSDD
LA0450437KLHX,LA0459080YAIP
LA0456431PVXI,LA0450437KLHX
LA0457871LIHH,LA0456431PVXI
LA0454380TMSB,LA0457871LIHH
LA0452727ZGCY,LA0454380TMSB
LA0458321WFYI,LA0452727ZGCY
LA0456166QBJM,LA0458321WFYI
LA0453669UGWH,LA0453669UGWH
LA0456393FRPG,LA0456166QBJM
LA0451607SGEN,LA0456393FRPG
LA0454689ATBS,LA0451607SGEN
LA0453209QKGO,LA0454689ATBS
LA0452310GGKP,LA0453209QKGO
LA0451916RLAG,LA0452310GGKP
LA0459900XWJT,LA0451916RLAG
LA0457007FXYZ,LA0459900XWJT
LA0458086WSGS,LA0457007FXYZ
LA0451196CSLC,LA0458086WSGS
LA0451232IBZC,LA0451196CSLC
LA0450794ZGBZ,LA0451232IBZC
LA0456495PNCK,LA0450794ZGBZ
LA0451162TKTP,LA0456495PNCK
LA9573945TREF,LA0451162TKTP
LA0451846AUFZ,LA0451846AUFZ
LA0457129FBDS,LA9573945TREF
LA0454597QKKO,LA0454597QKKO
LA5442593FWPY,LA0457129FBDS
LA0450095OABW,LA5442593FWPY
LA0459092ZNPD,LA0450095OABW
LA5440894GJIE,LA0454847OFBL
LA0454847OFBL,LA0459092ZNPD
LA0453162CRFU,LA5440894GJIE
LA9575338FZER,LA5447799LMPK
LA9571294UDUQ,LA0453162CRFU
LA0451030CMXP,LA9575338FZER
LA0454834WPGW,LA9571294UDUQ
LA5447386DPCP,LA0451030CMXP
LA0454756WLQT,LA0454834WPGW
LA0457064BNJH,LA0454756WLQT
LA0458043KZKY,LA5447386DPCP
LA9576791DYMY,LA0457064BNJH
LA9574264NHXU,LA0458043KZKY
LA0452967WOQO,LA9574264NHXU
LA0455687OLDT,LA9576791DYMY
LA0459718OGGI,LA0452967WOQO
LA0459648FPIU,LA0459482AMHX
LA5444619WKZD,LA0455687OLDT
LA5444182XHOS,LA0459718OGGI
LA9570946MJES,LA0459648FPIU
LA0458408CFUE,LA5444619WKZD
LA9576683DBFM,LA5444182XHOS
LA0452178MMFH,LA9570946MJES
LA5444606OPMX,LA0458408CFUE
LA5440147HEFO,LA9576683DBFM
LA9573555YVAD,LA0452178MMFH
LA9573938EDBF,LA5444606OPMX
LA0457280PSZV,LA5440147HEFO
LA0459156HISN,LA9573555YVAD
LA5449019MCQV,LA9573938EDBF
LA5442728VWVD,LA0457280PSZV
LA0359052OUZG,LA0459156HISN
LA0453115SIPG,LA5442728VWVD
LA0350367MSXM,LA5449019MCQV
LA0451449TLGP,LA0359052OUZG
LA0452279WAZO,LA0350367MSXM
LA0455989HBAG,LA0453115SIPG
LA5446964GBKF,LA0451449TLGP
LA5447734JGWG,LA0452279WAZO
LA9576096KKAU,LA0455989HBAG
LA9576962CXBE,LA5446964GBKF
LA0450106WQDT,LA5447734JGWG
LA0455775BXTD,LA9576096KKAU
LA5449949QWBX,LA9576962CXBE
LA0452680GECV,LA0450106WQDT
LA0450662GYLX,LA0455775BXTD
LA0457326CZGI,LA5449949QWBX
LA0458230RKZT,LA0450662GYLX
LA0459764HXJU,LA0452680GECV
LA0457966TGNK,LA0457326CZGI
LA0454577HYMC,LA0458230RKZT
LA5445181GQDG,LA0454577HYMC
LA5445263WKMV,LA0457966TGNK
LA9575701QDJC,LA0459764HXJU
LA9574729BPAO,LA5445181GQDG
LA0453846UHKX,LA5445263WKMV
LA0450632WGJN,LA9575701QDJC
LA5442157EEBB,LA9574729BPAO
LA5442073QEXO,LA0453846UHKX
LA9577080JHNH,LA0450632WGJN
LA9572795ZJTK,LA5442157EEBB
LA0459550FKSI,LA5442073QEXO
LA0457205HZFV,LA9572795ZJTK
LA5445451YKCN,LA9577080JHNH
LA5446659NBOH,LA0459550FKSI
LA5445820OVYU,LA0457205HZFV
LA5447133BGXI,LA5445451YKCN
LA5449982ZIQC,LA5446659NBOH
LA5444567GGTR,LA5445820OVYU
LA9575320UMRQ,LA5447133BGXI
LA9577893XBYI,LA5449982ZIQC
LA9571664EDVH,LA5444567GGTR
LA9578091HFFJ,LA9575320UMRQ
LA9578640RQZY,LA9577893XBYI
LA0452604FJYW,LA9571664EDVH
LA0453305XOWD,LA9578091HFFJ
LA0457983SLDD,LA9578640RQZY
LA0455427ILVW,LA0452604FJYW
LA0452429NZPS,LA0453305XOWD
LA5444532NXNE,LA0457983SLDD
LA5442451USCF,LA0455427ILVW
LA9578920AJQO,LA0452429NZPS
LA9575556LELU,LA5444532NXNE
LA0455811BUTV,LA5442451USCF
LA0451815VSUH,LA9578920AJQO
LA0454256CVME,LA9575556LELU
LA0455955PAQW,LA0455811BUTV
LA5441966DIXG,LA0451815VSUH
LA5447982WPKA,LA0454256CVME
LA0450292WWAH,LA0455955PAQW
LA0459466ZALJ,LA5441966DIXG
LA5442516VACF,LA5447982WPKA
LA5449510AGRB,LA0450292WWAH
LA0452999CWIG,LA0459466ZALJ
LA0452357CPKB,LA5442516VACF
,LA5449510AGRB
,LA0452807SGDP
,LA0452357CPKB
,LA0452999CWIG
